ts	phase	decision	why	evidence	result
2026-10-09T22:16:00Z	frame	exit predicate: hash from lift/ alone, gate green, all reference checks green	operator asked for 100% parity in C, run straight through	docs/lift-playbook.md	open
2026-10-09T22:16:00Z	frame	milestone order M1 math to M7 main loop, one PR each, merged after independent verification	leaves first so each step builds on compiled callees; main loop last because it references everything	docs/lift-playbook.md	open
2026-10-09T22:38:54Z	docs	added README explaining the project and verification, merged as PR 1	operator asked for it	https://github.com/wScottSh/spacewar-c/pull/1	merged; commands verified in fresh worktree
2026-10-09T22:50:39Z	M1	merged M1 math (multiply, divide, sine-cosine), 8.2% of words from C	hash MATCH, gate green, all reference checks 0 differ on orchestrator re-run; sonnet review verdict MERGE	https://github.com/wScottSh/spacewar-c/pull/2	merged
2026-10-09T22:50:39Z	M1	folded reviewer follow-ups into M2 as a first hardening step	the reference build must catch meaning gaps the hash cannot (ENTRY_CELL aliasing, BYNAME refetch); same compiler files as M2, so one branch avoids conflicts	PR 2 review	open
2026-10-09T23:50:39Z	M2	merged M2: reviewer follow-ups, G5 hint gate, G6 prediction gate, tunables table and start vectors; 9.3% of words from C	hash MATCH, gate ok, 19 reference comparisons 0 differ on orchestrator re-run; sonnet review MERGE after 3 fixes, fixes landed in ffa99e9	https://github.com/wScottSh/spacewar-c/pull/3	merged
2026-10-09T23:50:39Z	M2	required the three review fixes before merging instead of deferring	they decide whether the native reference can silently disagree with the machine, which is the claim the C means what the binary does	PR 3 review	fixed
2026-10-10T00:31:18Z	M3	merged M3: outline compiler (runtime code generation as data plus jump) and ship outlines; 16.5% of words from C	hash MATCH, gate ok, outline reference 9 tables 0 differ, all reference checks 0 differ on orchestrator re-run; sonnet review MERGE	https://github.com/wScottSh/spacewar-c/pull/4	merged
2026-10-10T00:31:18Z	M3	carried two low review notes into M4: a non-Spacewar corpus user for ARGS_DONE, and corpus coverage for every insn constructor	playbook asks two independent users per rule; low severity so not worth blocking	PR 4 review	open
2026-10-10T01:47:36Z	M4	merged M4: central star, Expensive Planetarium (dislis x4), star catalog; 68.9% of words from C	hash MATCH, gate ok, heavens reference 263144+20000 frames and 7.97M plotted points 0 differ, catalog 938/938 words, orchestrator re-run; sonnet review MERGE	https://github.com/wScottSh/spacewar-c/pull/5	merged
2026-10-10T01:47:36Z	M4	stopped the M4 agent after hand-back because it still had background work running	a resumed agent could push onto a merged branch or dirty the shared checkout	task stop	done
2026-10-10T01:47:36Z	cleanup	scheduled a behavior-preserving compiler cleanup PR before M5: comment-sicko structural findings, G6 distinct-site check, catalog comment wording	debt compounds as M5-M7 add rules to the same files; subtract before adding	PR 5 report and review	open
